,username,screen_name,date,tweets,hashtags
0,Natalia Valencia,@natyymarc,2020-09-10 21:28:05,"RT @elespectador: La alcaldesa de Bogot√° Claudia L√≥pez dijo que existen evidencias, de que por lo menos en cuatro lugares, los agentes de l‚Ä¶",[]
1,Helen Ebrat,@EbratHelen,2020-09-10 21:28:05,RT @ClaudiaLopez: Hoy es un d√≠a que duele por donde se le mire. Mis condolencias a familiares y amigos de quienes murieron o est√°n heridos.‚Ä¶,[]
2,AntonioDeLen14,@Len14De,2020-09-10 21:28:04,@CABLENOTICIAS @NoticiasCaracol @CanalRCN @NoticiasRCN @CMILANOTICIA @NoticiasUno @jcpastrana A ALCALDESA BOGOTA Y‚Ä¶ https://t.co/r9yf4UajD5,[]
3,Vanelope‚Ñ¢,@Vanelope00,2020-09-10 21:28:04,"RT @Nicole_Chicaa: Recordemos la portada Semana de 1993.
‚ÄòLuego de encontrar a Sandra Catalina (9 a√±os) tirada, estrangulada y violada en l‚Ä¶",[]
4,edgar,@sierramayor16,2020-09-10 21:28:04,RT @criticolombia: Ya Claudia L√≥pez autoriz√≥ 15 marchas para hoy que volver√°n mierda Bogot√° y posiblemente dejara heridos o muertos! Rolos‚Ä¶,[]
5,Humanidad Vigente,@HumanidadVigent,2020-09-10 21:28:04,RT @DefenderLiberta: Las organizaciones de Derechos Humanos firmantes del protocolo de protesta en Bogot√° solicitamos a la alcald√≠a @Bogota‚Ä¶,[]
6,Ricardo A Buitrago,@RicardoABuitrag,2020-09-10 21:28:03,"RT @MariaMatusv: La Polic√≠a asesin√≥ a diez personas. 
9 de septiembre de 2020, masacre en Bogot√°, Colombia.",[]
7,Rubiel,@Rubiel46002873,2020-09-10 21:28:03,"RT @BluRadioCo: #LoDijeronEnBLU El representante Gabriel Santos (@GabrielSantosCD) llam√≥ ""pir√≥mano"" a Gustavo Petro (@PetroGustavo) por su‚Ä¶","[{'text': 'LoDijeronEnBLU', 'indices': [16, 31]}]"
8,Jose Araujo,@JoseAraujoNig,2020-09-10 21:28:03,"RT @ChalecosAmarill: üé•üõëEn #Colombia ya no se puede hablar mal de la polic√≠a, ¬øtendremos que dejar que las im√°genes hablen por s√≠ solas? ...‚Ä¶","[{'text': 'Colombia', 'indices': [26, 35]}]"
9,MARY MUZIKA,@marymuzika2,2020-09-10 21:28:03,"RT @SOMOSRIOCRECID: D√≥nde est√° la OEA y @mbachelet
Polic√≠as de  @IvanDuque asesinaron a 6 personas la madrugada de hoy #10Sep sembrando el‚Ä¶","[{'text': '10Sep', 'indices': [119, 125]}]"
10,John Murdoch üîª,@JohnnySintonize,2020-09-10 21:28:03,"RT @ChalecosAmarill: üé•üõëEn #Colombia ya no se puede hablar mal de la polic√≠a, ¬øtendremos que dejar que las im√°genes hablen por s√≠ solas? ...‚Ä¶","[{'text': 'Colombia', 'indices': [26, 35]}]"
11,katty armyüíúüíúüíú,@katy0321087,2020-09-10 21:28:03,RT @ClaudiaLopez: Hay 15 marchas organizadas para el d√≠a de hoy en Bogot√°. Les pedimos a todos los ciudadanos que por tarde a las 7:00 pm e‚Ä¶,[]
12,ZXCV,@esceptico100,2020-09-10 21:28:03,"RT @EyiLopezN: Bogot√° ayer vivi√≥ una masacre a manos de la polic√≠a, no de la ciudadan√≠a indignada!
Esta imagen lo dice todo! #PoliciasAsesi‚Ä¶",[]
13,Shalva,@mishalvita,2020-09-10 21:28:02,"RT @petrogustavo: La cifra oficial de asesinados en Bogot√°  se eleva a 8 con Javier Ordo√±ez.

El uribismo trata de culparnos de los hechos.‚Ä¶",[]
14,Anaidüá®üá¥,@Di4n427,2020-09-10 21:28:01,RT @ClaudiaLopez: Hay 15 marchas organizadas para el d√≠a de hoy en Bogot√°. Les pedimos a todos los ciudadanos que por tarde a las 7:00 pm e‚Ä¶,[]
15,ACI Prensa,@aciprensa,2020-09-10 21:28:01,La Arquidi√≥cesis de Bogot√° @arquidiocesisbo anunci√≥ la realizaci√≥n de una vigilia de oraci√≥n tras las violentas pro‚Ä¶ https://t.co/6NR1bHJV8G,[]
16,Orozcoco,@Orozcoco1,2020-09-10 21:28:01,RT @AFPespanol: #√öLTIMAHORA Ascienden a 10 los muertos en las protestas contra la violencia policial en Bogot√° y alrededores (autoridades)‚Ä¶,"[{'text': '√öLTIMAHORA', 'indices': [16, 27]}]"
17,Juanjo,@jjruizvalencia,2020-09-10 21:28:01,"RT @ELTIEMPO: Debido a los ataques e incendios en CAI de Bogot√°, algunos ciudadanos, animalistas y fundaciones que ayudan a animales buscan‚Ä¶",[]
18,Juliana Corredor,@jcorrredor5,2020-09-10 21:28:01,"RT @ELTIEMPO: Debido a los ataques e incendios en CAI de Bogot√°, algunos ciudadanos, animalistas y fundaciones que ayudan a animales buscan‚Ä¶",[]
19,Piedad G√≥mez M.,@piagomezm,2020-09-10 21:28:00,"RT @MariaMatusv: La Polic√≠a asesin√≥ a diez personas. 
9 de septiembre de 2020, masacre en Bogot√°, Colombia.",[]
20,Jesus Urbina,@Urbinajesus12,2020-09-10 21:28:00,RT @gianfranconapo: Las protestas que se dieron el pasado mi√©rcoles 9 de septiembre en horas de la noche en la ciudad de #Bogota produjeron‚Ä¶,"[{'text': 'Bogota', 'indices': [121, 128]}]"
21,Vladymir G√≥mez,@GoVladymir,2020-09-10 21:28:00,RT @cvoule: Estoy siguiendo con atenci√≥n la situaci√≥n en Colombia - se deben investigar los 6 muertos y 58 heridos anunciados por @Bogota.‚Ä¶,[]
22,Humanidad Vigente,@HumanidadVigent,2020-09-10 21:28:00,RT @DefenderLiberta: #MasacreEnBogot√° Hoy organizaciones de DDHH hemos solicitado a la alcald√≠a @Bogota que d√© cumplimiento al protocolo 56‚Ä¶,"[{'text': 'MasacreEnBogot√°', 'indices': [21, 37]}]"
23,Reinaldo Bello,@kagu19,2020-09-10 21:27:59,"RT @petrogustavo: La alcaldesa, como jefe de polic√≠a de Bogot√°, debe ordenar de inmediato que cese el fuego de la polic√≠a contra la poblaci‚Ä¶",[]
24,Willder Muria üáªüá™,@WillderMuria,2020-09-10 21:27:59,RT @NoticiasCaracol: Culpan a polic√≠a de matar a un joven de 17 a√±os durante los disturbios y dejar sin padre a un beb√© de 7 meses https://‚Ä¶,[]
25,Liney Andrea R√≠os.,@LaAuyamaAbogada,2020-09-10 21:27:59,"RT @elespectador: La alcaldesa de Bogot√° Claudia L√≥pez dijo que existen evidencias, de que por lo menos en cuatro lugares, los agentes de l‚Ä¶",[]
26,Mar√≠a Alejandra,@MarialexCortes,2020-09-10 21:27:59,"RT @JohaFuentes: Diez personas asesinadas en Bogot√°. 

Alexander Fonseca 17 a√±os 
Andr√©s Rodr√≠guez 23 a√±os
Julieth Ram√≠rez 18 a√±os
Freddy M‚Ä¶",[]
27,Diego Morales,@dmoralesurrea,2020-09-10 21:27:58,"RT @JohaFuentes: Diez personas asesinadas en Bogot√°. 

Alexander Fonseca 17 a√±os 
Andr√©s Rodr√≠guez 23 a√±os
Julieth Ram√≠rez 18 a√±os
Freddy M‚Ä¶",[]
28,@gladysbeatriz,@gladysbeatriz4,2020-09-10 21:27:58,"RT @elespectador: La alcaldesa de Bogot√° Claudia L√≥pez dijo que existen evidencias, de que por lo menos en cuatro lugares, los agentes de l‚Ä¶",[]
29,Isabel de Carpio,@isabeldecarpio,2020-09-10 21:27:58,RT @CNNEE: Bogot√°: cinco muertos en violentos enfrentamientos entre manifestantes y la polic√≠a. https://t.co/sU1A4KIsM3,[]
30,GILBERTO  BOLIVAR,@gilbertob1,2020-09-10 21:27:58,RT @carlaangola: Tensi√≥n en Bogot√° despu√©s de muerte del abogado Javier Ordo√±ez en caso sospechoso de brutalidad policial. La capital vivi√≥‚Ä¶,[]
31,Katherine Caicedo,@kathec87,2020-09-10 21:27:58,RT @BluRadioCo: A esta hora estudiantes de la Universidad Pedag√≥gica y Tecnol√≥gica de Colombia en Tunja hacen una movilizaci√≥n por las prin‚Ä¶,[]
32,Julio Chaparro,@ingandres00,2020-09-10 21:27:57,"RT @MariaFdaCabal: (II) 56 instalaciones policiales afectadas, 52 CAI vandalizados -49 en Bogot√°, 3 en Soacha- y 22 CAI incinerados -todos‚Ä¶",[]
33,Victor Campos C,@VictorCamposC2,2020-09-10 21:27:57,"RT @meganoticiascl: Abuso policial: La raz√≥n de las fuertes manifestaciones en #Colombia que han dejado 7 fallecidos

https://t.co/181JsGmh‚Ä¶","[{'text': 'Colombia', 'indices': [79, 88]}]"
34,#1087985 Soy Preso Pol√≠tico,@OviedoFanny,2020-09-10 21:27:57,RT @jcpastrana: Bogot√° se le sali√≥ de las manos a @ClaudiaLopez,[]
35,Humanidad Vigente,@HumanidadVigent,2020-09-10 21:27:57,RT @DefenderLiberta: #Atenci√≥n üõëEl d√≠a de hoy desde las 5 pm se presentar√°n cerca de 19 concentraciones para rechazar la violencia policial‚Ä¶,"[{'text': 'Atenci√≥n', 'indices': [21, 30]}]"
36,Francisco Acosta,@AcostaFrancisko,2020-09-10 21:27:57,"RT @danieljimenezcd: Incre√≠ble que Claudia L√≥pez la Alcaldesa de Bogot√°, en lugar de rechazar el vandalismo lo justifique.",[]
37,Franklin Guzman,@fguzmanjunior,2020-09-10 21:27:56,"RT @velascoluisf: No son @petrogustavo ni @ClaudiaLopez ni @JuanManSantos los responsables de la violencia  en Bogot√°, lo qu√© pasa es qu√© h‚Ä¶",[]
38,Nohora Clavijo,@clavijo_nohora,2020-09-10 21:27:56,RT @ClaudiaLopez: Hoy es un d√≠a que duele por donde se le mire. Mis condolencias a familiares y amigos de quienes murieron o est√°n heridos.‚Ä¶,[]
39,Carolina,@ca3soft,2020-09-10 21:27:56,"RT @elespectador: ‚ÄúCulpan a Petro por narrar lo que est√° pasando‚Äù: senador Gustavo Bol√≠var.
https://t.co/OnoOpLyIrg",[]
40,Dia Mez,@cafeconcreto,2020-09-10 21:27:56,RT @ActualidadRT: En Bogot√° denuncian la muerte de Javier Ord√≥√±ez a manos de dos agentes de Polic√≠a en medio de un procedimiento de detenci‚Ä¶,[]
41,Alejandra Osma,@aleosma,2020-09-10 21:27:56,"RT @laneaelegante: Bogot√° podr√° ser lo que sea, pero es la √∫nica ciudad parada de este cochino pa√≠s. ¬øC√≥mo no amarlos?",[]
42,„Éï„Çß„É´„Éä„É≥„Éâ,@FdoDuarte,2020-09-10 21:27:56,RT @HUGOLEONROJITO: Imag√≠nense q ando de amiwis de la reina nacional de la panela 2019 y me pidi√≥ el favor q le ayudara a mover su negocio.‚Ä¶,[]
43,LeticiaJaramillo,@letijaramillo,2020-09-10 21:27:55,RT @BajaAlcurnia: La polic√≠a asesin√≥ a 6 personas en Bogot√° en 24 horas y la soluci√≥n es traer m√°s polic√≠a.,[]
44,Camilo Guerrero,@CamiloGuerreroB,2020-09-10 21:27:55,"RT @jaimeflozada: El 35% de los j√≥venes en Bogot√° ni estudian, ni trabajan, caldo de cultivo para el vandalismo.",[]
45,Gabriel Mazzei,@elhelenico,2020-09-10 21:27:55,"RT @elpais_america: La muerte de un abogado que estaba bajo custodia policial desata la violencia en Bogot√°, Colombia

HILO [1/11]

üî¥ https‚Ä¶",[]
46,oscarhernando urazan,@oscarhernandour,2020-09-10 21:27:55,RT @Maluprabo: Anoche Bogot√° fue un caos  la alcalde all√≠ si no grita y Petro en su salsa.,[]
47,edu quimi,@eduquimi1,2020-09-10 21:27:55,"RT @MariaMatusv: La Polic√≠a asesin√≥ a diez personas. 
9 de septiembre de 2020, masacre en Bogot√°, Colombia.",[]
48,Bernabe,@pachoran63,2020-09-10 21:27:55,RT @criticolombia: Despu√©s de que Claudia L√≥pez anunciara que permitir√° 15 marchas hoy en Bogot√° ud cree que con esto habr√° m√°s:,[]
49,Juli√°n Galindo C,@Galindo9512,2020-09-10 21:27:55,RT @ClaudiaLopez: Hay 15 marchas organizadas para el d√≠a de hoy en Bogot√°. Les pedimos a todos los ciudadanos que por tarde a las 7:00 pm e‚Ä¶,[]
50,Julia Mar√≠a Garc√≠a G,@JuliMarGar,2020-09-10 21:27:55,"RT @petrogustavo: Se eleva a diez el n√∫mero de asesinados en Bogot√° por funcionarios de la polic√≠a incluido Javier Ordo√±ez.

Estamos ante u‚Ä¶",[]
51,Juan Felipe Rodriguez,@JuanFelipeRodr,2020-09-10 21:27:54,@alexaboco No. Colombia est√° lejos de una dictadura. Bogot√° est√° lejos de una dictadura. Decirle dictadura a lo que‚Ä¶ https://t.co/ird8InI0gV,[]
52,daniela füíú,@danieeelaf,2020-09-10 21:27:54,"RT @_juankmiton8: ‚ÄúLa policia est√° a la disposici√≥n y cuidado de los ciudadanos‚Äù 
- La @PoliciaColombia... 

Esto ocurri√≥ anoche en Bogot√°,‚Ä¶",[]
53,LIBERTARIO üá®üá¥,@LIBERTARIO1237,2020-09-10 21:27:54,RT @ONUHumanRights: #Hilo Hacemos seguimiento a la muerte hoy del abogado Javier Ord√≥√±ez tras la intervenci√≥n de integrantes de la Polic√≠a‚Ä¶,"[{'text': 'Hilo', 'indices': [20, 25]}]"
54,Exeomo Morales,@chomomorales,2020-09-10 21:27:54,"RT @julianquintanat: Un desastre el manejo de @ClaudiaLopez en esta crisis, en Bogota no hay ley ni orden.",[]
55,Martha,@Kunoichi_isa,2020-09-10 21:27:53,"RT @hyperconectado: Estamos viendo una de las tragedias m√°s grandes de la historia de Bogot√°. 10 muertos, 200 heridos en TOTAL IMPUNIDAD. U‚Ä¶",[]
56,Enana-Rojaüåüüå†,@Luna_Abeja,2020-09-10 21:27:53,"RT @ElPregonar: #PA√çS. Y son 10 muertos que dejan las manifestaciones en Bogot√°.

https://t.co/k7rHL7VoAH","[{'text': 'PA√çS', 'indices': [16, 21]}]"
57,fredy suarez,@fredysuarez99,2020-09-10 21:27:53,"RT @AndresPastrana_: Se√±ora alcaldesa  @ClaudiaLopez, frente a los desmanes de las protestas recientes debe pensar en toque de queda. Su ob‚Ä¶",[]
58,Lourdes Navarro,@AngelaLourdesN,2020-09-10 21:27:53,RT @fdbedout: 7 muertos y 248 heridos en Bogot√° en el ‚ÄúD√≠a Nacional de los Derechos Humanos‚Äù.,[]
59,fokiuüñï,@18Sepulveda,2020-09-10 21:27:53,"RT @elsemblante: Balance terrible ayer en Bogot√°: 248 ciudadanos heridos (58 por arma de fuego) y 8 muertos. 

Responsables: Iv√°n Duque, Ho‚Ä¶",[]
60,David,@DavidCunaguaro,2020-09-10 21:27:52,RT @Lechuguinos_com: ¬°SE QUIERE LAVAR LAS MANOS! Ahora Duque pretende culpar a Petro de la masacre policial en Bogot√° https://t.co/mBR6vCaC‚Ä¶,[]
61,EL POEROSO,@ElPoeroso,2020-09-10 21:27:52,"RT @ChalecosAmarill: üé•üõëEn #Colombia üî• #ColombiaEnAlertaRoja ||
#ColombianLivesMatter üî•‚ö†Ô∏è

üîªPolic√≠a asesinando a manifestantes indefensos di‚Ä¶","[{'text': 'Colombia', 'indices': [26, 35]}, {'text': 'ColombiaEnAlertaRoja', 'indices': [38, 59]}, {'text': 'ColombianLivesMatter', 'indices': [63, 84]}]"
62,Selene Frresneda,@SeleneF_,2020-09-10 21:27:52,"Hasta 17 manifestaciones ma√±ana en Bogot√°, se pide desde la alcald√≠a no violencia y no actos v√°ndalicos.

M√°s o men‚Ä¶ https://t.co/pvFhNWedaG",[]
63,Fernanda_ProVidaüíô,@FernandaGuiral,2020-09-10 21:27:52,RT @JeffersonNTN24: ¬øQu√© piensa usted de los actos de violencia de anoche en Bogot√°? Es tema en @LaNocheNTN24 bajo la direcci√≥n de @CGurisa‚Ä¶,[]
64,Francisco Javier Legarda,@Francis79059884,2020-09-10 21:27:52,"RT @velascoluisf: No son @petrogustavo ni @ClaudiaLopez ni @JuanManSantos los responsables de la violencia  en Bogot√°, lo qu√© pasa es qu√© h‚Ä¶",[]
65,Elkin Gutierrez,@bgparaque,2020-09-10 21:27:51,"RT @MafeCarrascal: Masacre en Bogot√° y los victimarios est√°n m√°s que identificados, se visten de verde.",[]
66,David Pabon,@da_bogota,2020-09-10 21:27:51,@IvanDuque @ClaudiaLopez @policiabogota @PoliciaColombia @mindefensa Qui√©n va a responder por las vidas perdidas du‚Ä¶ https://t.co/7FKJvSWug3,[]
67,John Cabrera,@Johnpostea,2020-09-10 21:27:51,"RT @CMILANOTICIA: ‚ÄúLo sucedido ayer fue una aut√©ntica masacre‚Äù: @ClaudiaLopez
https://t.co/aYmkrTnagO",[]
68,mayerkits,@mayerkits,2020-09-10 21:27:51,RT @ClaudiaLuci0222: Inadmisible Bogot√° quedo a merced de una totalitaria enferma de Poder una comunista disfrazada de verde,[]
69,Viviana Su√°rez,@vivianasuarez26,2020-09-10 21:27:51,"RT @MariaFdaCabal: (II) 56 instalaciones policiales afectadas, 52 CAI vandalizados -49 en Bogot√°, 3 en Soacha- y 22 CAI incinerados -todos‚Ä¶",[]
70,Herman Cadena,@Herman_Cadena,2020-09-10 21:27:51,RT @donadolforivas: Ya van 10 muertos. ¬øQui√©n dio la orden de disparar contra civiles anoche en Bogot√°?,[]
71,Mauricio Reyes C,@MauricioReyesC,2020-09-10 21:27:50,RT @criticolombia: Ya Claudia L√≥pez autoriz√≥ 15 marchas para hoy que volver√°n mierda Bogot√° y posiblemente dejara heridos o muertos! Rolos‚Ä¶,[]
72,ivadacali@gmail.con ,@ivadacali,2020-09-10 21:27:50,"@kinkyman_bogota @EBT8520 @LevyRincon Hasta nunca, eres una Uribruta m√°s",[]
73,Marpa,@MarioPa82117991,2020-09-10 21:27:50,RT @criticolombia: Despu√©s de que Claudia L√≥pez anunciara que permitir√° 15 marchas hoy en Bogot√° ud cree que con esto habr√° m√°s:,[]
74,Marcela,@muertadetedio,2020-09-10 21:27:50,@ralph_bogota @DetectiveTakagi @ClaudiaLopez ‚ò∫Ô∏è que lindoooo  pero todo fue MENTIRAAA y por cierto el hada de lps d‚Ä¶ https://t.co/hfZ48oZ0t1,[]
75,Sergio Daniel,@elzorroso,2020-09-10 21:27:49,RT @cvoule: Estoy siguiendo con atenci√≥n la situaci√≥n en Colombia - se deben investigar los 6 muertos y 58 heridos anunciados por @Bogota.‚Ä¶,[]
76,SINDICATO DE TRABAJADORES DEL INSTITUTO ROOSEVELT,@sintrairoos,2020-09-10 21:27:49,"RT @bogotamuyfirme: Esta es la cala√±a del Gobierno de Bogot√° dirigido por @ClaudiaLopez, esta es una verg√ºenza descomunal, vean este video‚Ä¶",[]
77,ùìêùìµùìÆùîÅ ùìô. ùìúùì∏ùìªùì∏ùìº ùìñ.,@alemoros,2020-09-10 21:27:48,RT @NoticiasCaracol: Culpan a polic√≠a de matar a un joven de 17 a√±os durante los disturbios y dejar sin padre a un beb√© de 7 meses https://‚Ä¶,[]
78,üáªüá™üá∏üáÆüá®üá∫üá∏üáæüá®üá≥üáªüá≥,@Antonnic1,2020-09-10 21:27:48,"RT @jmkarg: ""Ser colombiano en Colombia es como ser negro en USA"".
 
Cartel en la movilizaci√≥n de ayer en Bogot√°, en pedido por esclarecimi‚Ä¶",[]
79,Danna Feliciano,@dnnflcn,2020-09-10 21:27:48,"RT @petrogustavo: Se eleva a diez el n√∫mero de asesinados en Bogot√° por funcionarios de la polic√≠a incluido Javier Ordo√±ez.

Estamos ante u‚Ä¶",[]
80,Fabian Motta,@mottafabian,2020-09-10 21:27:48,"RT @RevistaSemana: La violencia que se registr√≥ durante la noche del mi√©rcoles dej√≥ varios muertos en Bogot√° y Soacha, entre ellos Julieth‚Ä¶",[]
81,Daniela Guarin,@danielaguarin5,2020-09-10 21:27:48,"RT @aterciopelados: 10 muertos en Bogot√°, Colombia, anoche 9 de septiembre ...  ¬øQuien dio la orden?",[]
82,Reynaldo Ayala,@AyalaReyayala,2020-09-10 21:27:47,"@ClaudiaLopez Ese es su  Consejo a los ciudadanos de bien, encerrarse y dejar la ciudad en manos de esos V√ÅNDALOS.‚Ä¶ https://t.co/6ehXufp5Gv",[]
83,Cosme Fulanitoüîª,@Real_fulano,2020-09-10 21:27:47,"RT @petrogustavo: Se eleva a diez el n√∫mero de asesinados en Bogot√° por funcionarios de la polic√≠a incluido Javier Ordo√±ez.

Estamos ante u‚Ä¶",[]
84,YamidSuarezR.,@YamidSuarezR1,2020-09-10 21:27:47,"RT @angelamrobledo: El ministro @CarlosHolmesTru se tom√≥ m√°s tiempo para explicar c√≥mo fueron vandalizados CAIs y buses, que para explicar‚Ä¶",[]
85,fredy suarez,@fredysuarez99,2020-09-10 21:27:46,RT @ClaudiaLuci0222: Inadmisible Bogot√° quedo a merced de una totalitaria enferma de Poder una comunista disfrazada de verde,[]
86,Jes√∫s Alfonso,@JessAlf59131529,2020-09-10 21:27:46,RT @rodrigoaguaclar: Fui polic√≠a en el 93 y si hoy perteneciera a la Metropolitana de Bogot√° entrar√≠a en desobediencia con al alcald√≠a de @‚Ä¶,[]
87,JORGELUISPRENSA,@JORGELUISPRENS1,2020-09-10 21:27:46,"RT @ActualidadRT: Alcaldesa de Bogot√° se√±ala a la Polic√≠a por muertos en protestas

La alcaldesa de Bogot√°, Claudia L√≥pez, afirm√≥ que cuent‚Ä¶",[]
88,maria cecilia ochoa,@mariaceciliaoc5,2020-09-10 21:27:46,RT @GustavoRugeles: Atenci√≥n: informe de @EIExpedienteCol sobre la noche del Terror Rojo en Bogot√°. Captamos momento exacto en que venezola‚Ä¶,[]
89,16 Tree üá¨üá∑üá¨üá∑üá¨üá∑,@16Treee,2020-09-10 21:27:45,"RT @ActualidadRT: Alcaldesa de Bogot√° se√±ala a la Polic√≠a por muertos en protestas

La alcaldesa de Bogot√°, Claudia L√≥pez, afirm√≥ que cuent‚Ä¶",[]
90,Samyr J. Ochoa,@SamyrOchoa,2020-09-10 21:27:45,"RT @JohaFuentes: Diez personas asesinadas en Bogot√°. 

Alexander Fonseca 17 a√±os 
Andr√©s Rodr√≠guez 23 a√±os
Julieth Ram√≠rez 18 a√±os
Freddy M‚Ä¶",[]
91,TROPAMilC@m,@milcampos2011,2020-09-10 21:27:45,RT @VictorGGuerrero: Colombia: polic√≠a de Bogot√° electrocuta a un hombre por no llevar mascarilla. Protestas: ya van siete muertos. V√≠deo p‚Ä¶,[]
92,Isabel de Carpio,@isabeldecarpio,2020-09-10 21:27:45,"RT @NoticiasCaracol: #Ampliaci√≥n Hubo disparos indiscriminados por parte de la Polic√≠a: grave denuncia de Claudia L√≥pez

‚ÄúEs un atentado di‚Ä¶","[{'text': 'Ampliaci√≥n', 'indices': [21, 32]}]"
93,In√©s,@polilepisc,2020-09-10 21:27:45,RT @DefenderLiberta: #Atenci√≥n üõëEl d√≠a de hoy desde las 5 pm se presentar√°n cerca de 19 concentraciones para rechazar la violencia policial‚Ä¶,"[{'text': 'Atenci√≥n', 'indices': [21, 30]}]"
94,Sofi Vargasüíõüíõüíô‚ù§Ô∏è,@nene_so,2020-09-10 21:27:44,RT @Marovaan: Plant√≥n feminista en estos momentos al frente de la Cl√≠nica Sanitas #Bogot√° #10S https://t.co/2Agb6EtTKG,"[{'text': 'Bogot√°', 'indices': [82, 89]}, {'text': '10S', 'indices': [90, 94]}]"
95,Germ√°n H. Rozo M.,@GermanHRozoM,2020-09-10 21:27:44,RT @neaeconomicus: Siempre en este tipo de revueltas populares me gusta recordar que @petrogustavo orden√≥ militarizara Bogot√° durante el pa‚Ä¶,[]
96,M√≥nica Rubianoüçí,@BMon_cheri,2020-09-10 21:27:44,RT @cactussanchez: Ser√° que la raz√≥n por la que esta haciendo tanto fr√≠o es porque bogota esta lleno de dementores que solo traen tragedia ?,[]
97,Sociopath Entrepeneur,@DeLargeAlexx,2020-09-10 21:27:44,"RT @elespectador: La alcaldesa de Bogot√° Claudia L√≥pez dijo que existen evidencias, de que por lo menos en cuatro lugares, los agentes de l‚Ä¶",[]
98,Luis Fidel Moreno R,@LUFIMOR,2020-09-10 21:27:44,"RT @AndresPastrana_: Se√±ora alcaldesa  @ClaudiaLopez, frente a los desmanes de las protestas recientes debe pensar en toque de queda. Su ob‚Ä¶",[]
99,Zulma Arias - Ah Caray soy yo,@zuzupasaludar,2020-09-10 21:27:44,"RT @losbuscamos_col: Perdida perra el 9 de septiembre del CAI de Villemar fontibon, Bogot√°. #AnimalitosPerdidosCol
@PoliciaBogota @PoliciaC‚Ä¶","[{'text': 'AnimalitosPerdidosCol', 'indices': [92, 114]}]"
